prefLabel,altLabels,displayName,uri,confidence,in_hierarchy_gold,relations,classification
plant diseases and disorders,plant diseases; plant disorders,"plant diseases and disorders (plant diseases, plant disorders)",https://lod.nal.usda.gov/nalt/15134,1.0,True,,INCLUDE
plant protection,crop protection; plant health protection,"plant protection (crop protection, plant health protection)",https://lod.nal.usda.gov/nalt/30154,1.0,True,,INCLUDE
bacterial diseases of plants,bacterial infections of plants; plant bacterial diseases,"bacterial diseases of plants (bacterial infections of plants, plant bacterial diseases)",https://lod.nal.usda.gov/nalt/15131,0.98,True,skos:broader; skos:narrower,INCLUDE
black shank disease,,black shank disease,https://lod.nal.usda.gov/nalt/263011,0.99,True,skos:broader; skos:narrower,INCLUDE
blast disease,rice blast; wheat blast,"blast disease (rice blast, wheat blast)",https://lod.nal.usda.gov/nalt/17904,0.99,True,skos:broader; skos:narrower,INCLUDE
brown rot disease,,brown rot disease,https://lod.nal.usda.gov/nalt/316252,0.98,True,skos:broader; skos:narrower,INCLUDE
decline,decline disease; decline disorder,"decline (decline disease, decline disorder)",https://lod.nal.usda.gov/nalt/31919,0.86,True,skos:broader; skos:narrower,INCLUDE
downy mildew,,downy mildew,https://lod.nal.usda.gov/nalt/34450,0.99,True,skos:broader; skos:narrower,INCLUDE
foliar diseases,foliage diseases; leaf diseases,"foliar diseases (foliage diseases, leaf diseases)",https://lod.nal.usda.gov/nalt/40782,0.97,True,skos:broader; skos:narrower,INCLUDE
forest health,,forest health,https://lod.nal.usda.gov/nalt/41128,0.84,True,skos:related,INCLUDE
fruit cracking,fruit cracks,fruit cracking (fruit cracks),https://lod.nal.usda.gov/nalt/67851,0.82,True,skos:broader; skos:narrower,INCLUDE
fruit diseases,,fruit diseases,https://lod.nal.usda.gov/nalt/17678,0.97,True,skos:broader; skos:narrower,INCLUDE
fungal diseases of plants,fungus diseases of plants,fungal diseases of plants (fungus diseases of plants),https://lod.nal.usda.gov/nalt/10053,0.99,True,skos:broader; skos:narrower,INCLUDE
greening disease,citrus greening disease; citrus greening infection; huanglongbing; huanglongbing disease; yellow dragon disease,"greening disease (citrus greening disease, citrus greening infection, huanglongbing, huanglongbing disease, yellow dragon disease)",https://lod.nal.usda.gov/nalt/21818,0.99,True,skos:broader; skos:narrower,INCLUDE
gummosis,,gummosis,https://lod.nal.usda.gov/nalt/44114,0.96,True,skos:broader; skos:narrower,INCLUDE
hollow heart,,hollow heart,https://lod.nal.usda.gov/nalt/226534,0.95,True,skos:broader; skos:narrower,INCLUDE
hyperhydricity,hyperhydration (plant disorder),hyperhydricity (hyperhydration (plant disorder)),https://lod.nal.usda.gov/nalt/46558,0.99,True,skos:broader; skos:narrower,INCLUDE
infectious diseases,communicable diseases,infectious diseases (communicable diseases),https://lod.nal.usda.gov/nalt/15154,0.89,False,skos:related,INCLUDE
maize wallaby ear disease,maize wallaby ear symptom,maize wallaby ear disease (maize wallaby ear symptom),https://lod.nal.usda.gov/nalt/278068,0.97,True,skos:broader; skos:narrower,INCLUDE
noninfectious diseases,noncommunicable diseases,noninfectious diseases (noncommunicable diseases),https://lod.nal.usda.gov/nalt/330,0.95,False,skos:related,INCLUDE
phyllody,,phyllody,https://lod.nal.usda.gov/nalt/306883,0.96,True,skos:broader; skos:narrower,INCLUDE
plant damage,fruit damage; plant injuries; plant injury; wounds (plant),"plant damage (fruit damage, plant injuries, plant injury, wounds (plant))",https://lod.nal.usda.gov/nalt/1735,0.94,True,skos:related,INCLUDE
plant rots,,plant rots,https://lod.nal.usda.gov/nalt/30265,0.98,True,skos:broader; skos:narrower,INCLUDE
postharvest diseases,postharvest decay; storage decay,"postharvest diseases (postharvest decay, storage decay)",https://lod.nal.usda.gov/nalt/31900,0.98,True,skos:broader; skos:narrower,INCLUDE
replant disease,specific replant disease,replant disease (specific replant disease),https://lod.nal.usda.gov/nalt/58565,0.98,True,skos:broader; skos:narrower,INCLUDE
root diseases,,root diseases,https://lod.nal.usda.gov/nalt/58566,0.98,True,skos:broader; skos:narrower,INCLUDE
rose rosette disease,,rose rosette disease,https://lod.nal.usda.gov/nalt/58567,0.99,True,skos:broader; skos:narrower,INCLUDE
scab diseases,orange scab,scab diseases (orange scab),https://lod.nal.usda.gov/nalt/41933,0.98,True,skos:broader; skos:narrower,INCLUDE
scald diseases,leaf scald diseases; sun scald; sunburn (plants); sunscald,"scald diseases (leaf scald diseases, sun scald, sunburn (plants), sunscald)",https://lod.nal.usda.gov/nalt/58568,0.95,True,skos:broader; skos:narrower,INCLUDE
seed-borne diseases,seed borne diseases; seedborne diseases,"seed-borne diseases (seed borne diseases, seedborne diseases)",https://lod.nal.usda.gov/nalt/58569,0.97,True,skos:broader; skos:narrower,INCLUDE
seedling diseases,,seedling diseases,https://lod.nal.usda.gov/nalt/31688,0.98,True,skos:broader; skos:narrower,INCLUDE
signs and symptoms (plants),symptoms (plants),signs and symptoms (plants) (symptoms (plants)),https://lod.nal.usda.gov/nalt/940,0.96,True,skos:related,INCLUDE
soil-borne diseases,soil borne diseases; soilborne diseases,"soil-borne diseases (soil borne diseases, soilborne diseases)",https://lod.nal.usda.gov/nalt/58570,0.98,True,skos:broader; skos:narrower,INCLUDE
tree diseases,,tree diseases,https://lod.nal.usda.gov/nalt/41132,0.97,True,skos:broader; skos:narrower,INCLUDE
vascular wilt,wilts (plant disease),vascular wilt (wilts (plant disease)),https://lod.nal.usda.gov/nalt/15216,0.98,True,skos:broader; skos:narrower,INCLUDE
viral diseases of plants,plant viroses; viral infections of plants; viroses (plants); viroses of plants; virus diseases of plants; virus infections of plants,"viral diseases of plants (plant viroses, viral infections of plants, viroses (plants), viroses of plants, virus diseases of plants, virus infections of plants)",https://lod.nal.usda.gov/nalt/95877,0.99,True,skos:broader; skos:narrower,INCLUDE
weather fleck,,weather fleck,https://lod.nal.usda.gov/nalt/335198,0.9,True,skos:broader; skos:narrower,INCLUDE
woolliness,,woolliness,https://lod.nal.usda.gov/nalt/58571,0.87,True,skos:broader; skos:narrower,INCLUDE
abiotic stress,abiotic injuries; environmental stress (on organisms),"abiotic stress (abiotic injuries, environmental stress (on organisms))",https://lod.nal.usda.gov/nalt/729,0.93,False,skos:related,INCLUDE
acute oak decline,,acute oak decline,https://lod.nal.usda.gov/nalt/316327,0.97,True,skos:broader; skos:narrower,INCLUDE
almond leaf scorch,almond leaf scorch disease,almond leaf scorch (almond leaf scorch disease),https://lod.nal.usda.gov/nalt/214239,0.98,True,skos:broader; skos:narrower,INCLUDE
Alternaria brown spot,citrus brown spot; citrus brown spot disease,"Alternaria brown spot (citrus brown spot, citrus brown spot disease)",https://lod.nal.usda.gov/nalt/343376,0.98,True,skos:broader; skos:narrower,INCLUDE
anthracnose,,anthracnose,https://lod.nal.usda.gov/nalt/10052,0.98,True,skos:broader; skos:narrower,INCLUDE
apple scab,,apple scab,https://lod.nal.usda.gov/nalt/72098,0.98,True,skos:broader; skos:narrower,INCLUDE
bacterial brown spot,bacterial brown spot disease,bacterial brown spot (bacterial brown spot disease),https://lod.nal.usda.gov/nalt/342641,0.97,True,skos:broader; skos:narrower,INCLUDE
bacterial canker,bacterial canker disease,bacterial canker (bacterial canker disease),https://lod.nal.usda.gov/nalt/250627,0.97,True,skos:broader; skos:narrower,INCLUDE
bacterial leaf streak,bacterial leaf stripe; black chaff,"bacterial leaf streak (bacterial leaf stripe, black chaff)",https://lod.nal.usda.gov/nalt/326052,0.97,True,skos:related,INCLUDE
bacterial ring rot,,bacterial ring rot,https://lod.nal.usda.gov/nalt/222118,0.98,True,skos:broader; skos:narrower,INCLUDE
bacterial soft rot,bacterial soft rot disease,bacterial soft rot (bacterial soft rot disease),https://lod.nal.usda.gov/nalt/325534,0.98,True,skos:related,INCLUDE
bacterial speck,bacterial speck disease,bacterial speck (bacterial speck disease),https://lod.nal.usda.gov/nalt/331424,0.97,True,skos:broader; skos:narrower,INCLUDE
bacterial wetwood,,bacterial wetwood,https://lod.nal.usda.gov/nalt/15135,0.95,True,skos:broader; skos:narrower,INCLUDE
bacterial wilt,bacterial wilt disease; bacterial wilts,"bacterial wilt (bacterial wilt disease, bacterial wilts)",https://lod.nal.usda.gov/nalt/15136,0.98,True,skos:broader; skos:narrower,INCLUDE
beech bark disease,,beech bark disease,https://lod.nal.usda.gov/nalt/300802,0.95,True,skos:broader; skos:narrower,INCLUDE
bitter pit,,bitter pit,https://lod.nal.usda.gov/nalt/11311,0.96,True,skos:broader; skos:narrower,INCLUDE
black point disease,blackpoint; blackpoint disease,"black point disease (blackpoint, blackpoint disease)",https://lod.nal.usda.gov/nalt/198760,0.97,True,skos:broader; skos:narrower,INCLUDE
black Sigatoka,black leaf streak disease,black Sigatoka (black leaf streak disease),https://lod.nal.usda.gov/nalt/17811,0.99,True,skos:broader; skos:narrower,INCLUDE
blackleg of crucifers,blackleg of canola; blackleg of oilseed rape; blackleg of rape,"blackleg of crucifers (blackleg of canola, blackleg of oilseed rape, blackleg of rape)",https://lod.nal.usda.gov/nalt/292365,0.99,True,skos:broader; skos:narrower,INCLUDE
blackleg of potato,potato blackleg disease,blackleg of potato (potato blackleg disease),https://lod.nal.usda.gov/nalt/292378,0.99,True,skos:broader; skos:narrower,INCLUDE
blight,,blight,https://lod.nal.usda.gov/nalt/942,0.96,True,skos:broader; skos:narrower,INCLUDE
blueberry mosaic disease,,blueberry mosaic disease,https://lod.nal.usda.gov/nalt/266497,0.99,True,skos:broader; skos:narrower,INCLUDE
boxwood blight,box blight,boxwood blight (box blight),https://lod.nal.usda.gov/nalt/336998,0.99,True,skos:broader; skos:narrower,INCLUDE
browsing damage,browse damage,browsing damage (browse damage),https://lod.nal.usda.gov/nalt/301007,0.88,True,skos:broader; skos:narrower,INCLUDE
buckeye rot,,buckeye rot,https://lod.nal.usda.gov/nalt/226178,0.99,True,skos:broader; skos:narrower,INCLUDE
bull's eye rot,,bull's eye rot,https://lod.nal.usda.gov/nalt/220990,0.99,True,skos:related,INCLUDE
butt rot,root and butt rot,butt rot (root and butt rot),https://lod.nal.usda.gov/nalt/305617,0.98,True,skos:broader; skos:narrower,INCLUDE
butternut canker,butternut canker disease,butternut canker (butternut canker disease),https://lod.nal.usda.gov/nalt/337056,0.99,True,skos:broader; skos:narrower,INCLUDE
cankers (plants),,cankers (plants),https://lod.nal.usda.gov/nalt/943,0.96,True,skos:broader; skos:narrower,INCLUDE
cercosporiosis,,cercosporiosis,https://lod.nal.usda.gov/nalt/340145,0.96,True,skos:broader; skos:narrower,INCLUDE
charcoal rot,charcoal root rot; charcoal rot disease; charcoal stem rot,"charcoal rot (charcoal root rot, charcoal rot disease, charcoal stem rot)",https://lod.nal.usda.gov/nalt/277933,0.99,True,skos:broader; skos:narrower,INCLUDE
chestnut blight,,chestnut blight,https://lod.nal.usda.gov/nalt/75612,0.99,True,skos:broader; skos:narrower,INCLUDE
chlorosis,,chlorosis,https://lod.nal.usda.gov/nalt/944,0.92,True,skos:broader; skos:narrower,INCLUDE
chocolate spot disease,chocolate spot,chocolate spot disease (chocolate spot),https://lod.nal.usda.gov/nalt/216696,0.99,True,skos:broader; skos:narrower,INCLUDE
citrus black spot,citrus black spot disease,citrus black spot (citrus black spot disease),https://lod.nal.usda.gov/nalt/288429,0.99,True,skos:broader; skos:narrower,INCLUDE
citrus variegated chlorosis,,citrus variegated chlorosis,https://lod.nal.usda.gov/nalt/15137,0.98,True,skos:broader; skos:narrower,INCLUDE
clubroot,clubroot disease,clubroot (clubroot disease),https://lod.nal.usda.gov/nalt/235607,0.99,True,skos:related,INCLUDE
cobweb disease,,cobweb disease,https://lod.nal.usda.gov/nalt/192970,0.97,True,skos:broader; skos:narrower,INCLUDE
coffee berry disease,,coffee berry disease,https://lod.nal.usda.gov/nalt/263008,0.98,True,skos:broader; skos:narrower,INCLUDE
cold injury,,cold injury,https://lod.nal.usda.gov/nalt/1139,0.9,False,skos:related,INCLUDE
crop damage,,crop damage,https://lod.nal.usda.gov/nalt/30113,0.92,True,skos:broader; skos:narrower,INCLUDE
crown rot,,crown rot,https://lod.nal.usda.gov/nalt/30264,0.99,True,skos:broader; skos:narrower,INCLUDE
damping off,,damping off,https://lod.nal.usda.gov/nalt/31687,0.99,True,skos:broader; skos:narrower,INCLUDE
defoliation,artificial defoliation; simulated defoliation,"defoliation (artificial defoliation, simulated defoliation)",https://lod.nal.usda.gov/nalt/12578,0.95,True,skos:broader; skos:narrower,INCLUDE
dieback,die back; die-back,"dieback (die back, die-back)",https://lod.nal.usda.gov/nalt/945,0.99,True,skos:broader; skos:narrower,INCLUDE
discoloration,discolouration,discoloration (discolouration),https://lod.nal.usda.gov/nalt/28021,0.9,False,skos:related,INCLUDE
Dutch elm disease,,Dutch elm disease,https://lod.nal.usda.gov/nalt/78372,0.99,True,skos:broader; skos:narrower,INCLUDE
ear rot,,ear rot,https://lod.nal.usda.gov/nalt/35078,0.98,True,skos:broader; skos:narrower,INCLUDE
epinasty,,epinasty,https://lod.nal.usda.gov/nalt/946,0.94,True,skos:broader; skos:narrower,INCLUDE
ergot,,ergot,https://lod.nal.usda.gov/nalt/26720,0.9,True,skos:broader; skos:narrower,INCLUDE
false smut,false smut disease,false smut (false smut disease),https://lod.nal.usda.gov/nalt/273869,0.99,True,skos:broader; skos:narrower,INCLUDE
fertilizer injury,fertiliser injury,fertilizer injury (fertiliser injury),https://lod.nal.usda.gov/nalt/39933,0.94,True,skos:broader; skos:narrower,INCLUDE
fig endosepsis,fig endosepsis disease,fig endosepsis (fig endosepsis disease),https://lod.nal.usda.gov/nalt/341214,0.98,True,skos:broader; skos:narrower,INCLUDE
fire blight,,fire blight,https://lod.nal.usda.gov/nalt/80434,0.99,True,skos:broader; skos:narrower,INCLUDE
fire scars,,fire scars,https://lod.nal.usda.gov/nalt/40266,0.88,True,skos:broader; skos:narrower,INCLUDE
foot rot (plant),plant foot rot,foot rot (plant) (plant foot rot),https://lod.nal.usda.gov/nalt/41082,0.98,True,skos:broader; skos:narrower,INCLUDE
forest damage,forest destruction; forest disturbance,"forest damage (forest destruction, forest disturbance)",https://lod.nal.usda.gov/nalt/41127,0.86,True,skos:broader; skos:narrower,INCLUDE
forest decline,,forest decline,https://lod.nal.usda.gov/nalt/31920,0.96,True,skos:broader; skos:narrower,INCLUDE
forest diseases,,forest diseases,https://lod.nal.usda.gov/nalt/80851,0.97,True,skos:related,INCLUDE
frogeye leaf spot,frog-eye leaf spot,frogeye leaf spot (frog-eye leaf spot),https://lod.nal.usda.gov/nalt/24025,0.99,True,skos:broader; skos:narrower,INCLUDE
fungal brown spot,rice brown spot,fungal brown spot (rice brown spot),https://lod.nal.usda.gov/nalt/218474,0.95,True,skos:broader; skos:narrower,INCLUDE
fungal wilt,,fungal wilt,https://lod.nal.usda.gov/nalt/41791,0.97,True,skos:broader; skos:narrower,INCLUDE
Fusarium head blight,Fusarium head scab,Fusarium head blight (Fusarium head scab),https://lod.nal.usda.gov/nalt/81176,0.99,True,skos:broader; skos:narrower,INCLUDE
galls,oak-apples,galls (oak-apples),https://lod.nal.usda.gov/nalt/947,0.84,True,skos:broader; skos:narrower,INCLUDE
girdling,branch girdling; ring barking; stem girdling; tree girdling; trunk girdling,"girdling (branch girdling, ring barking, stem girdling, tree girdling, trunk girdling)",https://lod.nal.usda.gov/nalt/146609,0.88,True,skos:broader; skos:narrower,INCLUDE
gray mold,gray mold disease; grey mold; grey mold disease,"gray mold (gray mold disease, grey mold, grey mold disease)",https://lod.nal.usda.gov/nalt/228109,0.99,True,skos:broader; skos:narrower,INCLUDE
grey leaf spot disease,,grey leaf spot disease,https://lod.nal.usda.gov/nalt/248052,0.98,True,skos:broader; skos:narrower,INCLUDE
growth retardation,growth inhibition; growth reduction; stunting,"growth retardation (growth inhibition, growth reduction, stunting)",https://lod.nal.usda.gov/nalt/34962,0.91,False,skos:related,INCLUDE
head rot,,head rot,https://lod.nal.usda.gov/nalt/188614,0.97,True,skos:broader; skos:narrower,INCLUDE
heart rot,,heart rot,https://lod.nal.usda.gov/nalt/206431,0.97,True,skos:broader; skos:narrower,INCLUDE
heat injury,,heat injury,https://lod.nal.usda.gov/nalt/1140,0.95,False,skos:related,INCLUDE
hyponasty,,hyponasty,https://lod.nal.usda.gov/nalt/291549,0.78,True,skos:broader; skos:narrower,INCLUDE
ice damage,,ice damage,https://lod.nal.usda.gov/nalt/46824,0.97,True,skos:broader; skos:narrower,INCLUDE
ink disease,,ink disease,https://lod.nal.usda.gov/nalt/341741,0.95,True,skos:broader; skos:narrower,INCLUDE
internal browning,,internal browning,https://lod.nal.usda.gov/nalt/331445,0.95,True,skos:broader; skos:narrower,INCLUDE
karnal bunt,karnal bunt disease; partial bunt,"karnal bunt (karnal bunt disease, partial bunt)",https://lod.nal.usda.gov/nalt/330897,0.98,True,skos:related,INCLUDE
laurel wilt,,laurel wilt,https://lod.nal.usda.gov/nalt/306766,0.98,True,skos:broader; skos:narrower,INCLUDE
leaf blotch,,leaf blotch,https://lod.nal.usda.gov/nalt/948,0.98,True,skos:broader; skos:narrower,INCLUDE
leaf curling,leaf curl,leaf curling (leaf curl),https://lod.nal.usda.gov/nalt/198220,0.96,True,skos:broader; skos:narrower,INCLUDE
leaf galls,,leaf galls,https://lod.nal.usda.gov/nalt/131694,0.95,True,skos:related,INCLUDE
leaf rolling,leaf roll,leaf rolling (leaf roll),https://lod.nal.usda.gov/nalt/198218,0.96,True,skos:broader; skos:narrower,INCLUDE
leaf rust,brown rust; foliar rust,"leaf rust (brown rust, foliar rust)",https://lod.nal.usda.gov/nalt/189059,0.98,True,skos:broader; skos:narrower,INCLUDE
leaf spot,leaf spotting,leaf spot (leaf spotting),https://lod.nal.usda.gov/nalt/49434,0.98,True,skos:related,INCLUDE
lesions (plant),,lesions (plant),https://lod.nal.usda.gov/nalt/949,0.97,True,skos:broader; skos:narrower,INCLUDE
lodging,,lodging,https://lod.nal.usda.gov/nalt/50508,0.89,True,skos:broader; skos:narrower,INCLUDE
Lophodermium needle cast,,Lophodermium needle cast,https://lod.nal.usda.gov/nalt/339098,0.97,True,skos:broader; skos:narrower,INCLUDE
mango malformation disease,mango malformation,mango malformation disease (mango malformation),https://lod.nal.usda.gov/nalt/286567,0.99,True,skos:broader; skos:narrower,INCLUDE
mechanical damage,mechanical injuries,mechanical damage (mechanical injuries),https://lod.nal.usda.gov/nalt/1141,0.95,False,skos:related,INCLUDE
metabolic diseases,metabolic disorders,metabolic diseases (metabolic disorders),https://lod.nal.usda.gov/nalt/2862,0.83,False,skos:broader; skos:narrower,INCLUDE
mildews,,mildews,https://lod.nal.usda.gov/nalt/34451,0.94,False,skos:related,INCLUDE
necrosis,necroses,necrosis (necroses),https://lod.nal.usda.gov/nalt/761,0.93,False,skos:related,INCLUDE
neoplasms,cancer (disease); cancers; neoplasia; tumors; tumours,"neoplasms (cancer (disease), cancers, neoplasia, tumors, tumours)",https://lod.nal.usda.gov/nalt/702,0.88,False,skos:broader; skos:narrower,INCLUDE
net blotch,,net blotch,https://lod.nal.usda.gov/nalt/266327,1.0,True,skos:broader; skos:narrower,INCLUDE
oleocellosis,citrus oil-spotting; oil-spotting (citrus); on-tree oleocellosis; rind oil spotting,"oleocellosis (citrus oil-spotting, oil-spotting (citrus), on-tree oleocellosis, rind oil spotting)",https://lod.nal.usda.gov/nalt/332093,1.0,True,skos:broader; skos:narrower,INCLUDE
olive knot disease,,olive knot disease,https://lod.nal.usda.gov/nalt/307841,1.0,True,skos:broader; skos:narrower,INCLUDE
Panama disease,Fusarium wilt of banana; Panama disease of banana,"Panama disease (Fusarium wilt of banana, Panama disease of banana)",https://lod.nal.usda.gov/nalt/310250,1.0,True,skos:broader; skos:narrower,INCLUDE
pecan scab,,pecan scab,https://lod.nal.usda.gov/nalt/88268,1.0,True,skos:broader; skos:narrower,INCLUDE
Phoma leaf spot disease,,Phoma leaf spot disease,https://lod.nal.usda.gov/nalt/324042,1.0,True,skos:broader; skos:narrower,INCLUDE
Phoma stem canker disease,,Phoma stem canker disease,https://lod.nal.usda.gov/nalt/324046,1.0,True,skos:broader; skos:narrower,INCLUDE
phytoplasmal diseases,phytoplasma infection,phytoplasmal diseases (phytoplasma infection),https://lod.nal.usda.gov/nalt/13232,0.99,True,skos:broader; skos:narrower,INCLUDE
Pierce's disease,,Pierce's disease,https://lod.nal.usda.gov/nalt/15138,0.99,True,skos:broader; skos:narrower,INCLUDE
plant pathogenic bacteria,bacterial phytopathogens; phytopathogenic bacteria,"plant pathogenic bacteria (bacterial phytopathogens, phytopathogenic bacteria)",https://lod.nal.usda.gov/nalt/15086,0.95,True,skos:related,INCLUDE
plant pathogenic fungi,fungal phytopathogens; phytopathogenic fungi,"plant pathogenic fungi (fungal phytopathogens, phytopathogenic fungi)",https://lod.nal.usda.gov/nalt/31899,0.95,True,skos:related,INCLUDE
plant stress,,plant stress,https://lod.nal.usda.gov/nalt/766,0.91,True,skos:related,INCLUDE
plant tumors,plant tumours,plant tumors (plant tumours),https://lod.nal.usda.gov/nalt/950,0.98,True,skos:broader; skos:narrower,INCLUDE
pod rot,,pod rot,https://lod.nal.usda.gov/nalt/290721,0.99,True,skos:broader; skos:narrower,INCLUDE
postharvest injuries,,postharvest injuries,https://lod.nal.usda.gov/nalt/20174,0.95,True,skos:related,INCLUDE
postharvest losses,post-harvest losses,postharvest losses (post-harvest losses),https://lod.nal.usda.gov/nalt/59358,0.92,False,skos:related,INCLUDE
potato blight,potato blight disease,potato blight (potato blight disease),https://lod.nal.usda.gov/nalt/343715,0.99,True,skos:broader; skos:narrower,INCLUDE
powdery mildew,,powdery mildew,https://lod.nal.usda.gov/nalt/41792,0.99,True,skos:broader; skos:narrower,INCLUDE
ratoon stunting disease,ratoon stunting,ratoon stunting disease (ratoon stunting),https://lod.nal.usda.gov/nalt/15139,0.99,True,skos:broader; skos:narrower,INCLUDE
rhizomania,,rhizomania,https://lod.nal.usda.gov/nalt/208418,0.99,True,skos:broader; skos:narrower,INCLUDE
rice grain yellowing,milled-rice yellowing; rice yellowing; rice yellowing disease; rice yellowing syndrome; yellowed rice disease,"rice grain yellowing (milled-rice yellowing, rice yellowing, rice yellowing disease, rice yellowing syndrome, yellowed rice disease)",https://lod.nal.usda.gov/nalt/341161,0.98,True,skos:broader; skos:narrower,INCLUDE
root rot,,root rot,https://lod.nal.usda.gov/nalt/58631,0.99,True,skos:broader; skos:narrower,INCLUDE
rust diseases,rust infections,rust diseases (rust infections),https://lod.nal.usda.gov/nalt/41793,0.99,True,skos:broader; skos:narrower,INCLUDE
scorch,,scorch,https://lod.nal.usda.gov/nalt/951,0.78,True,skos:broader; skos:narrower,INCLUDE
seed damage,seed injuries,seed damage (seed injuries),https://lod.nal.usda.gov/nalt/306664,0.9,True,skos:broader; skos:narrower,INCLUDE
seed pathology,,seed pathology,https://lod.nal.usda.gov/nalt/58608,0.97,True,skos:broader; skos:narrower,INCLUDE
seed rot,,seed rot,https://lod.nal.usda.gov/nalt/316276,0.99,True,skos:broader; skos:narrower,INCLUDE
sharka disease,plum pox; plum pox disease,"sharka disease (plum pox, plum pox disease)",https://lod.nal.usda.gov/nalt/337417,0.99,True,skos:broader; skos:narrower,INCLUDE
silver scurf,potato silver scurf; silver scurf disease,"silver scurf (potato silver scurf, silver scurf disease)",https://lod.nal.usda.gov/nalt/196205,0.99,True,skos:broader; skos:narrower,INCLUDE
smut diseases,anther smut disease; common bunt disease; common smut; covered smut; flag smut; head smut; leaf smut; loose smut; white smut,"smut diseases (anther smut disease, common bunt disease, common smut, covered smut, flag smut, head smut, leaf smut, loose smut, white smut)",https://lod.nal.usda.gov/nalt/28171,0.99,True,skos:broader; skos:narrower,INCLUDE
snow blight,,snow blight,https://lod.nal.usda.gov/nalt/226165,0.93,True,skos:broader; skos:narrower,INCLUDE
snow damage,snow breakage,snow damage (snow breakage),https://lod.nal.usda.gov/nalt/69021,0.86,True,skos:broader; skos:narrower,INCLUDE
snow molds,snow moulds,snow molds (snow moulds),https://lod.nal.usda.gov/nalt/41794,0.98,True,skos:broader; skos:narrower,INCLUDE
sooty molds,sooty moulds,sooty molds (sooty moulds),https://lod.nal.usda.gov/nalt/41795,0.96,True,skos:broader; skos:narrower,INCLUDE
soybean sudden death syndrome,sudden death syndrome in soybean; sudden death syndrome of soybean,"soybean sudden death syndrome (sudden death syndrome in soybean, sudden death syndrome of soybean)",https://lod.nal.usda.gov/nalt/274127,0.99,True,skos:broader; skos:narrower,INCLUDE
spring dead spot,spring dead spot disease,spring dead spot (spring dead spot disease),https://lod.nal.usda.gov/nalt/198746,0.99,True,skos:broader; skos:narrower,INCLUDE
stem rot,,stem rot,https://lod.nal.usda.gov/nalt/58632,0.99,True,skos:broader; skos:narrower,INCLUDE
storm damage,,storm damage,https://lod.nal.usda.gov/nalt/220318,0.91,False,skos:related,INCLUDE
sudden oak death,,sudden oak death,https://lod.nal.usda.gov/nalt/308281,0.99,True,skos:broader; skos:narrower,INCLUDE
sweet potato scab,leaf scab of sweet potato; scab of sweet potato; sweet potato leaf scab; sweet potato scab disease; sweet potato stem and foliage scab,"sweet potato scab (leaf scab of sweet potato, scab of sweet potato, sweet potato leaf scab, sweet potato scab disease, sweet potato stem and foliage scab)",https://lod.nal.usda.gov/nalt/248038,0.99,True,skos:broader; skos:narrower,INCLUDE
Swiss needle cast,,Swiss needle cast,https://lod.nal.usda.gov/nalt/214740,0.99,True,skos:broader; skos:narrower,INCLUDE
take-all disease,take all disease,take-all disease (take all disease),https://lod.nal.usda.gov/nalt/41796,0.99,True,skos:broader; skos:narrower,INCLUDE
terminal crook disease,terminal crook disease of pines,terminal crook disease (terminal crook disease of pines),https://lod.nal.usda.gov/nalt/301857,0.97,True,skos:broader; skos:narrower,INCLUDE
tree damage,tree injuries; tree injury,"tree damage (tree injuries, tree injury)",https://lod.nal.usda.gov/nalt/41129,0.96,True,skos:broader; skos:narrower,INCLUDE
water stress,drought stress,water stress (drought stress),https://lod.nal.usda.gov/nalt/1733,0.97,False,skos:related,INCLUDE
wildfire disease,wild-fire disease,wildfire disease (wild-fire disease),https://lod.nal.usda.gov/nalt/214273,0.9,True,skos:broader; skos:narrower,INCLUDE
wilting,,wilting,https://lod.nal.usda.gov/nalt/952,0.99,True,skos:related,INCLUDE
witches' broom,witches broom; witches'-broom,"witches' broom (witches broom, witches'-broom)",https://lod.nal.usda.gov/nalt/953,0.95,True,skos:broader; skos:narrower,INCLUDE
wounds and injuries,,wounds and injuries,https://lod.nal.usda.gov/nalt/728,0.98,False,skos:related,INCLUDE
yellow Sigatoka,,yellow Sigatoka,https://lod.nal.usda.gov/nalt/262795,0.99,True,skos:broader; skos:narrower,INCLUDE
yellow vine disease,,yellow vine disease,https://lod.nal.usda.gov/nalt/15140,0.99,True,skos:broader; skos:narrower,INCLUDE
zebra chip disease,zebra chip disorder; zebra complex disease,"zebra chip disease (zebra chip disorder, zebra complex disease)",https://lod.nal.usda.gov/nalt/190065,0.99,True,skos:broader; skos:narrower,INCLUDE
zonate leaf spot,,zonate leaf spot,https://lod.nal.usda.gov/nalt/262793,0.99,True,skos:broader; skos:narrower,INCLUDE
apple proliferation disease,,apple proliferation disease,https://lod.nal.usda.gov/nalt/310277,0.99,True,skos:broader; skos:narrower,INCLUDE
Armillaria root rot,,Armillaria root rot,https://lod.nal.usda.gov/nalt/300759,0.99,True,skos:broader; skos:narrower,INCLUDE
aster yellows,,aster yellows,https://lod.nal.usda.gov/nalt/13231,0.99,True,skos:broader; skos:narrower,INCLUDE
bean rust,,bean rust,https://lod.nal.usda.gov/nalt/285882,0.99,True,skos:broader; skos:narrower,INCLUDE
biotic stress,,biotic stress,https://lod.nal.usda.gov/nalt/196568,0.94,False,skos:related,INCLUDE
black pod rot,black pod disease; cacao black pod rot,"black pod rot (black pod disease, cacao black pod rot)",https://lod.nal.usda.gov/nalt/316281,0.99,True,skos:broader; skos:narrower,INCLUDE
black root rot,,black root rot,https://lod.nal.usda.gov/nalt/235049,0.98,True,skos:broader; skos:narrower,INCLUDE
blister rust,,blister rust,https://lod.nal.usda.gov/nalt/196168,0.97,True,skos:broader; skos:narrower,INCLUDE
Blueberry mosaic associated virus,,Blueberry mosaic associated virus,https://lod.nal.usda.gov/nalt/266495,0.96,False,skos:related,INCLUDE
bruising (plant),bruises (plant); bruising (fruit); fruit bruising,"bruising (plant) (bruises (plant), bruising (fruit), fruit bruising)",https://lod.nal.usda.gov/nalt/20170,0.97,True,skos:broader; skos:narrower,INCLUDE
bud galls,flower bud galls,bud galls (flower bud galls),https://lod.nal.usda.gov/nalt/333384,0.95,True,skos:broader; skos:narrower,INCLUDE
burns (injuries),heat injury (burns),burns (injuries) (heat injury (burns)),https://lod.nal.usda.gov/nalt/9282,0.89,False,skos:related,INCLUDE
cedar apple rust,,cedar apple rust,https://lod.nal.usda.gov/nalt/342466,0.99,True,skos:broader; skos:narrower,INCLUDE
cell death,,cell death,https://lod.nal.usda.gov/nalt/11245,0.66,False,skos:related,INCLUDE
chilling injury,,chilling injury,https://lod.nal.usda.gov/nalt/24945,0.99,False,skos:broader; skos:narrower,INCLUDE
citrus canker,citrus bacterial canker,citrus canker (citrus bacterial canker),https://lod.nal.usda.gov/nalt/326984,0.99,True,skos:broader; skos:narrower,INCLUDE
cold stress,cold shock,cold stress (cold shock),https://lod.nal.usda.gov/nalt/1730,0.96,False,skos:related,INCLUDE
corn rust,,corn rust,https://lod.nal.usda.gov/nalt/316342,0.98,True,skos:broader; skos:narrower,INCLUDE
crop losses,,crop losses,https://lod.nal.usda.gov/nalt/30114,0.93,False,skos:related,INCLUDE
crown galls,crown knots (galls),crown galls (crown knots (galls)),https://lod.nal.usda.gov/nalt/30260,0.98,True,skos:broader; skos:narrower,INCLUDE
crown rust,,crown rust,https://lod.nal.usda.gov/nalt/189057,0.98,True,skos:broader; skos:narrower,INCLUDE
decay fungi,rot fungi; wood decay fungi; wood destroying fungi; wood rot fungi; wood-destroying fungi; wood-rot fungi,"decay fungi (rot fungi, wood decay fungi, wood destroying fungi, wood rot fungi, wood-destroying fungi, wood-rot fungi)",https://lod.nal.usda.gov/nalt/20101,0.92,False,skos:related,INCLUDE
desiccation (plant physiology),dehydration (plant physiology),desiccation (plant physiology) (dehydration (plant physiology)),https://lod.nal.usda.gov/nalt/32028,0.95,False,skos:related,INCLUDE
drought,,drought,https://lod.nal.usda.gov/nalt/33990,0.96,False,skos:related,INCLUDE
drought injury,,drought injury,https://lod.nal.usda.gov/nalt/302120,0.98,False,skos:broader; skos:narrower,INCLUDE
dwarfing,dwarfism,dwarfing (dwarfism),https://lod.nal.usda.gov/nalt/34954,0.86,False,skos:broader; skos:narrower,INCLUDE
ear blight,,ear blight,https://lod.nal.usda.gov/nalt/209762,0.97,True,skos:broader; skos:narrower,INCLUDE
flooding tolerance,submergence tolerance,flooding tolerance (submergence tolerance),https://lod.nal.usda.gov/nalt/139,0.96,False,skos:related,INCLUDE
frost injury,frost damage,frost injury (frost damage),https://lod.nal.usda.gov/nalt/27771,0.98,False,skos:broader; skos:narrower,INCLUDE
frostbite,cold injury (frostbite),frostbite (cold injury (frostbite)),https://lod.nal.usda.gov/nalt/9286,0.92,False,skos:related,INCLUDE
frosty pod rot,,frosty pod rot,https://lod.nal.usda.gov/nalt/290725,0.99,True,skos:broader; skos:narrower,INCLUDE
Fusarium wilt,,Fusarium wilt,https://lod.nal.usda.gov/nalt/41813,0.99,True,skos:broader; skos:narrower,INCLUDE
fusiform rust,fusiform rust of Southern pine; fusiform rust of pine,"fusiform rust (fusiform rust of Southern pine, fusiform rust of pine)",https://lod.nal.usda.gov/nalt/301610,0.99,True,skos:broader; skos:narrower,INCLUDE
gall-inducing insects,gall insects; gall-forming insects; gall-inducing thrips; gall-producing insects,"gall-inducing insects (gall insects, gall-forming insects, gall-inducing thrips, gall-producing insects)",https://lod.nal.usda.gov/nalt/276071,0.95,False,skos:related,INCLUDE
head blight,,head blight,https://lod.nal.usda.gov/nalt/187953,0.9,True,skos:related,INCLUDE
heat stress,heat shock,heat stress (heat shock),https://lod.nal.usda.gov/nalt/1731,0.92,False,skos:related,INCLUDE
hypersensitive response,hypersensitive reaction; hypersensitivity (plants); plant hypersensitivity,"hypersensitive response (hypersensitive reaction, hypersensitivity (plants), plant hypersensitivity)",https://lod.nal.usda.gov/nalt/11247,0.97,False,skos:related,INCLUDE
laminated root rot,,laminated root rot,https://lod.nal.usda.gov/nalt/339082,0.99,True,skos:broader; skos:narrower,INCLUDE
leaf abscission,leaf fall; leaf shedding,"leaf abscission (leaf fall, leaf shedding)",https://lod.nal.usda.gov/nalt/1823,0.89,False,skos:related,INCLUDE
leaf blight,leaf and sheath blight; sheath blight,"leaf blight (leaf and sheath blight, sheath blight)",https://lod.nal.usda.gov/nalt/18026,0.99,True,skos:broader; skos:narrower,INCLUDE
lethal yellowing,coconut lethal yellowing,lethal yellowing (coconut lethal yellowing),https://lod.nal.usda.gov/nalt/27573,0.97,True,skos:broader; skos:narrower,INCLUDE
lipid metabolism disorders,,lipid metabolism disorders,https://lod.nal.usda.gov/nalt/33401,0.82,False,skos:broader; skos:narrower,INCLUDE
malnutrition,malnourishment; undernutrition,"malnutrition (malnourishment, undernutrition)",https://lod.nal.usda.gov/nalt/20759,0.84,False,skos:related,INCLUDE
mechanical stress,,mechanical stress,https://lod.nal.usda.gov/nalt/1734,0.9,False,skos:related,INCLUDE
oak wilt,oak wilt disease,oak wilt (oak wilt disease),https://lod.nal.usda.gov/nalt/340356,0.99,True,skos:broader; skos:narrower,INCLUDE
onion yellows,,onion yellows,https://lod.nal.usda.gov/nalt/55875,0.97,True,skos:broader; skos:narrower,INCLUDE
orange rust,,orange rust,https://lod.nal.usda.gov/nalt/198731,0.92,True,skos:broader; skos:narrower,INCLUDE
pathological processes and conditions,,pathological processes and conditions,https://lod.nal.usda.gov/nalt/319,0.74,False,skos:broader; skos:narrower,INCLUDE
photoyellowing,light-induced yellowing,photoyellowing (light-induced yellowing),https://lod.nal.usda.gov/nalt/34000,0.93,False,skos:related,INCLUDE
Phytophthora infestans,Botrytis infestans; Peronospora infestans; late blight; potato late blight,"Phytophthora infestans (Botrytis infestans, Peronospora infestans, late blight, potato late blight)",https://lod.nal.usda.gov/nalt/18857,0.98,False,skos:related,INCLUDE
Phytophthora ramorum,,Phytophthora ramorum,https://lod.nal.usda.gov/nalt/58156,0.98,False,skos:related,INCLUDE
Phytoplasma,Candidatus Phytoplasma; MLOs (mycoplasma-like organisms); Mycoplasma-like organisms (MLOs); mycoplasma-like organisms; mycoplasma-like organisms (plant pathogenic); mycoplasmalike organisms (plant pathogenic); plant yellows agents,"Phytoplasma (Candidatus Phytoplasma, MLOs (mycoplasma-like organisms), Mycoplasma-like organisms (MLOs), mycoplasma-like organisms, mycoplasma-like organisms (plant pathogenic), mycoplasmalike organisms (plant pathogenic), plant yellows agents)",https://lod.nal.usda.gov/nalt/1091,0.97,False,skos:related,INCLUDE
plant pathogens,pathogens of plants; phytopathogens,"plant pathogens (pathogens of plants, phytopathogens)",https://lod.nal.usda.gov/nalt/57067,0.9,True,skos:broader; skos:narrower,INCLUDE
plant pathology,phytopathology,plant pathology (phytopathology),https://lod.nal.usda.gov/nalt/58596,0.99,True,skos:broader; skos:narrower,INCLUDE
Plum pox virus,PPV (Plum pox virus); Plum pox potyvirus; Prunus virus 7; Sarka virus; Scharka-virus; Sharka disease virus; Sharka virus,"Plum pox virus (PPV (Plum pox virus), Plum pox potyvirus, Prunus virus 7, Sarka virus, Scharka-virus, Sharka disease virus, Sharka virus)",https://lod.nal.usda.gov/nalt/58850,0.99,False,skos:related,INCLUDE
Pseudonectria buxi,Chaetostroma buxi; Tubercularia buxi; Volutella buxi,"Pseudonectria buxi (Chaetostroma buxi, Tubercularia buxi, Volutella buxi)",https://lod.nal.usda.gov/nalt/337007,0.95,False,skos:related,INCLUDE
Puccinia recondita,Puccinia dispersa; Puccinia recondita f. sp. tritici; Puccinia rubigo-vera; Puccinia sardonensis; Puccinia triticina,"Puccinia recondita (Puccinia dispersa, Puccinia recondita f. sp. tritici, Puccinia rubigo-vera, Puccinia sardonensis, Puccinia triticina)",https://lod.nal.usda.gov/nalt/60498,0.97,False,skos:related,INCLUDE
Pucciniales,Uredinales,Pucciniales (Uredinales),https://lod.nal.usda.gov/nalt/4446,0.88,False,skos:related,INCLUDE
pycnidia,pycnidium,pycnidia (pycnidium),https://lod.nal.usda.gov/nalt/41782,0.84,False,skos:related,INCLUDE
Pyrenophora teres,,Pyrenophora teres,https://lod.nal.usda.gov/nalt/60624,0.97,False,skos:related,INCLUDE
rain damage,,rain damage,https://lod.nal.usda.gov/nalt/305450,0.83,False,skos:related,INCLUDE
rhizome rot,,rhizome rot,https://lod.nal.usda.gov/nalt/328473,1.0,True,skos:broader; skos:narrower,INCLUDE
rice false smut,,rice false smut,https://lod.nal.usda.gov/nalt/323686,1.0,True,skos:broader; skos:narrower,INCLUDE
root galls,,root galls,https://lod.nal.usda.gov/nalt/42221,0.99,True,skos:broader; skos:narrower,INCLUDE
salt injury,,salt injury,https://lod.nal.usda.gov/nalt/306719,0.98,False,skos:broader; skos:narrower,INCLUDE
salt stress,saline stress; salinity stress,"salt stress (saline stress, salinity stress)",https://lod.nal.usda.gov/nalt/1732,0.98,True,skos:related,INCLUDE
seed-borne bacteria,seedborne bacteria,seed-borne bacteria (seedborne bacteria),https://lod.nal.usda.gov/nalt/15089,0.99,False,skos:related,INCLUDE
seed-borne fungi,seed-borne fungus; seedborne fungi,"seed-borne fungi (seed-borne fungus, seedborne fungi)",https://lod.nal.usda.gov/nalt/37057,0.99,False,skos:related,INCLUDE
soybean rust,soyabean rust,soybean rust (soyabean rust),https://lod.nal.usda.gov/nalt/92833,1.0,True,skos:broader; skos:narrower,INCLUDE
stain fungi,stain fungus,stain fungi (stain fungus),https://lod.nal.usda.gov/nalt/18245,0.96,False,skos:related,INCLUDE
stem blight,,stem blight,https://lod.nal.usda.gov/nalt/315576,1.0,True,skos:broader; skos:narrower,INCLUDE
stem cankers,,stem cankers,https://lod.nal.usda.gov/nalt/21882,1.0,True,skos:broader; skos:narrower,INCLUDE
stem galls,twig galls,stem galls (twig galls),https://lod.nal.usda.gov/nalt/42222,0.99,True,skos:broader; skos:narrower,INCLUDE
stem rust,,stem rust,https://lod.nal.usda.gov/nalt/189055,0.99,True,skos:broader; skos:narrower,INCLUDE
storms,,storms,https://lod.nal.usda.gov/nalt/13656,0.88,False,skos:related,INCLUDE
stress response,response to stress,stress response (response to stress),https://lod.nal.usda.gov/nalt/146600,0.85,False,skos:related,INCLUDE
stripe rust,yellow rust; yellow-rust,"stripe rust (yellow rust, yellow-rust)",https://lod.nal.usda.gov/nalt/210908,0.99,True,skos:broader; skos:narrower,INCLUDE
sugarcane rust,,sugarcane rust,https://lod.nal.usda.gov/nalt/312566,0.98,True,skos:broader; skos:narrower,INCLUDE
Texas Phoenix palm decline,Texas Phoenix decline,Texas Phoenix palm decline (Texas Phoenix decline),https://lod.nal.usda.gov/nalt/311283,0.99,True,skos:broader; skos:narrower,INCLUDE
thermal stress,,thermal stress,https://lod.nal.usda.gov/nalt/198222,0.92,False,skos:broader; skos:narrower,INCLUDE
tissue degeneration,,tissue degeneration,https://lod.nal.usda.gov/nalt/770,0.89,False,skos:related,INCLUDE
tomato bacterial speck,bacterial speck of tomato; tomato speck disease,"tomato bacterial speck (bacterial speck of tomato, tomato speck disease)",https://lod.nal.usda.gov/nalt/331426,0.99,True,skos:broader; skos:narrower,INCLUDE
trampling damage,,trampling damage,https://lod.nal.usda.gov/nalt/31674,0.91,False,skos:broader; skos:narrower,INCLUDE
Verticillium wilt,,Verticillium wilt,https://lod.nal.usda.gov/nalt/41814,0.99,True,skos:broader; skos:narrower,INCLUDE
water deprivation,,water deprivation,https://lod.nal.usda.gov/nalt/33355,0.73,False,skos:broader; skos:narrower,INCLUDE
wetwood,wet wood,wetwood (wet wood),https://lod.nal.usda.gov/nalt/15212,0.97,False,skos:related,INCLUDE
wilting point,permanent wilting point,wilting point (permanent wilting point),https://lod.nal.usda.gov/nalt/57491,0.82,False,skos:related,INCLUDE
wind damage,,wind damage,https://lod.nal.usda.gov/nalt/220319,0.9,False,skos:related,INCLUDE
windthrow,wind throw; windfall; windsnap,"windthrow (wind throw, windfall, windsnap)",https://lod.nal.usda.gov/nalt/144670,0.98,True,skos:broader; skos:narrower,INCLUDE
winterkill,,winterkill,https://lod.nal.usda.gov/nalt/193011,0.96,False,skos:related,INCLUDE
16SrI (Aster yellows group),Aster yellows group,16SrI (Aster yellows group) (Aster yellows group),https://lod.nal.usda.gov/nalt/1223,0.97,False,skos:broader; skos:narrower,INCLUDE
16SrII (Peanut WB group),Peanut WB group,16SrII (Peanut WB group) (Peanut WB group),https://lod.nal.usda.gov/nalt/1236,0.97,False,skos:broader; skos:narrower,INCLUDE
16SrIII (X-disease group),X-disease group,16SrIII (X-disease group) (X-disease group),https://lod.nal.usda.gov/nalt/1242,0.97,False,skos:broader; skos:narrower,INCLUDE
16SrIV (Coconut lethal yellows group),Coconut lethal yellows group,16SrIV (Coconut lethal yellows group) (Coconut lethal yellows group),https://lod.nal.usda.gov/nalt/1258,0.97,False,skos:related,INCLUDE
16SrIX (Pigeon pea witches'-broom group),16SrIX (Pigeon pea witches' broom group); Pigeon pea witches' broom group; Pigeon pea witches'-broom group,"16SrIX (Pigeon pea witches'-broom group) (16SrIX (Pigeon pea witches' broom group), Pigeon pea witches' broom group, Pigeon pea witches'-broom group)",https://lod.nal.usda.gov/nalt/1264,0.97,False,skos:broader; skos:narrower,INCLUDE
16SrV (Elm yellows group),Elm yellows group,16SrV (Elm yellows group) (Elm yellows group),https://lod.nal.usda.gov/nalt/1268,0.97,False,skos:broader; skos:narrower,INCLUDE
16SrVI (Clover proliferation group),Clover proliferation group,16SrVI (Clover proliferation group) (Clover proliferation group),https://lod.nal.usda.gov/nalt/1276,0.97,False,skos:broader; skos:narrower,INCLUDE
16SrVII (Ash yellows group),Ash yellows group,16SrVII (Ash yellows group) (Ash yellows group),https://lod.nal.usda.gov/nalt/1280,0.97,False,skos:broader; skos:narrower,INCLUDE
16SrVIII (Loofah witches'-broom group),16SrVIII (Loofah witches' broom group); Loofah witches' broom group; Loofah witches'-broom group,"16SrVIII (Loofah witches'-broom group) (16SrVIII (Loofah witches' broom group), Loofah witches' broom group, Loofah witches'-broom group)",https://lod.nal.usda.gov/nalt/1284,0.97,False,skos:broader; skos:narrower,INCLUDE
16SrX (Apple proliferation group),Apple proliferation group,16SrX (Apple proliferation group) (Apple proliferation group),https://lod.nal.usda.gov/nalt/1288,0.97,False,skos:broader; skos:narrower,INCLUDE
16SrXI (Rice yellow dwarf group),Rice yellow dwarf group,16SrXI (Rice yellow dwarf group) (Rice yellow dwarf group),https://lod.nal.usda.gov/nalt/1293,0.97,False,skos:broader; skos:narrower,INCLUDE
16SrXII (Stolbur group),Stolbur group,16SrXII (Stolbur group) (Stolbur group),https://lod.nal.usda.gov/nalt/1296,0.97,False,skos:broader; skos:narrower,INCLUDE
16SrXIII (Mexican periwinkle virescence group),Mexican periwinkle virescence group,16SrXIII (Mexican periwinkle virescence group) (Mexican periwinkle virescence group),https://lod.nal.usda.gov/nalt/1303,0.96,False,skos:broader; skos:narrower,INCLUDE
16SrXIV (Bermuda white leaf group),Bermuda white leaf group,16SrXIV (Bermuda white leaf group) (Bermuda white leaf group),https://lod.nal.usda.gov/nalt/1306,0.96,False,skos:broader; skos:narrower,INCLUDE
16SrXV (Hibiscus witches'-broom group),16SrXV (Hibiscus witches' broom group); Hibiscus witches' broom group; Hibiscus witches'-broom group,"16SrXV (Hibiscus witches'-broom group) (16SrXV (Hibiscus witches' broom group), Hibiscus witches' broom group, Hibiscus witches'-broom group)",https://lod.nal.usda.gov/nalt/1313,0.97,False,skos:broader; skos:narrower,INCLUDE
16SrXXI (Pine shoot proliferation group),,16SrXXI (Pine shoot proliferation group),https://lod.nal.usda.gov/nalt/300022,0.95,False,skos:broader; skos:narrower,INCLUDE
abnormal development,atresia; developmental abnormalities,"abnormal development (atresia, developmental abnormalities)",https://lod.nal.usda.gov/nalt/730,0.9,False,skos:broader; skos:narrower,INCLUDE
abscission,,abscission,https://lod.nal.usda.gov/nalt/1820,0.88,False,skos:broader; skos:narrower,INCLUDE
acid rain,acidic rain,acid rain (acidic rain),https://lod.nal.usda.gov/nalt/70456,0.92,False,skos:related,INCLUDE
Arecaceae,Nypaceae; Palmae; Principes; palm trees,"Arecaceae (Nypaceae, Palmae, Principes, palm trees)",https://lod.nal.usda.gov/nalt/3096,0.9,False,skos:related,INCLUDE
atrophy,,atrophy,https://lod.nal.usda.gov/nalt/734,0.71,False,skos:broader; skos:narrower,INCLUDE
blisters,,blisters,https://lod.nal.usda.gov/nalt/736,0.98,False,skos:broader; skos:narrower,INCLUDE
blue-stain fungi,blue stain fungi; blue-stain fungus; bluestain fungi,"blue-stain fungi (blue stain fungi, blue-stain fungus, bluestain fungi)",https://lod.nal.usda.gov/nalt/18240,0.96,False,skos:broader; skos:narrower,INCLUDE
boring insects,stalk borers; stem borers; wood borers,"boring insects (stalk borers, stem borers, wood borers)",https://lod.nal.usda.gov/nalt/18657,0.9,False,skos:related,INCLUDE
cachexia,,cachexia,https://lod.nal.usda.gov/nalt/20757,0.72,False,skos:related,INCLUDE
carrier state,carrier status; disease carriers; latent infections,"carrier state (carrier status, disease carriers, latent infections)",https://lod.nal.usda.gov/nalt/320,0.77,False,skos:broader; skos:narrower,INCLUDE
cell senescence,cellular senescence,cell senescence (cellular senescence),https://lod.nal.usda.gov/nalt/264819,0.75,False,skos:related,INCLUDE
cold shock proteins,cold shock peptides; cold stress peptides; cold stress proteins,"cold shock proteins (cold shock peptides, cold stress peptides, cold stress proteins)",https://lod.nal.usda.gov/nalt/241641,0.79,False,skos:related,INCLUDE
comandra blister rust,,comandra blister rust,https://lod.nal.usda.gov/nalt/339101,0.99,True,skos:broader; skos:narrower,INCLUDE
death,,death,https://lod.nal.usda.gov/nalt/739,0.86,False,skos:broader; skos:narrower,INCLUDE
decayed wood,decayed timber; timber decay; wood decay,"decayed wood (decayed timber, timber decay, wood decay)",https://lod.nal.usda.gov/nalt/31898,0.96,False,skos:related,INCLUDE
deficiency diseases,deficiency diseases and disorders; deficiency disorders; nutritional deficiency diseases,"deficiency diseases (deficiency diseases and disorders, deficiency disorders, nutritional deficiency diseases)",https://lod.nal.usda.gov/nalt/16732,0.97,False,skos:broader; skos:narrower,INCLUDE
deformation,,deformation,https://lod.nal.usda.gov/nalt/32000,0.71,False,skos:broader; skos:narrower,INCLUDE
die-off,die off; dieoff,"die-off (die off, dieoff)",https://lod.nal.usda.gov/nalt/33319,0.91,False,skos:broader; skos:narrower,INCLUDE
dry environmental conditions,arid conditions; arid environments; aridity; dry environment; dry environments; xeric conditions; xeric environment; xeric environments; xeric habitats,"dry environmental conditions (arid conditions, arid environments, aridity, dry environment, dry environments, xeric conditions, xeric environment, xeric environments, xeric habitats)",https://lod.nal.usda.gov/nalt/12165,0.88,False,skos:related,INCLUDE
dry tropics,,dry tropics,https://lod.nal.usda.gov/nalt/221163,0.82,False,skos:related,INCLUDE
dust storms,duststorms; sand storms,"dust storms (duststorms, sand storms)",https://lod.nal.usda.gov/nalt/34943,0.91,False,skos:broader; skos:narrower,INCLUDE
failure to thrive,,failure to thrive,https://lod.nal.usda.gov/nalt/1761,0.9,False,skos:related,INCLUDE
fibrosis,,fibrosis,https://lod.nal.usda.gov/nalt/746,0.86,False,skos:broader; skos:narrower,INCLUDE
flooded conditions,water logging; waterlogged conditions; waterlogging,"flooded conditions (water logging, waterlogged conditions, waterlogging)",https://lod.nal.usda.gov/nalt/40586,0.95,False,skos:related,INCLUDE
frost resistance,frost tolerance,frost resistance (frost tolerance),https://lod.nal.usda.gov/nalt/27790,0.96,False,skos:related,INCLUDE
growth disorders,,growth disorders,https://lod.nal.usda.gov/nalt/1762,0.9,False,skos:related,INCLUDE
gummy stem blight,,gummy stem blight,https://lod.nal.usda.gov/nalt/315580,0.99,True,skos:broader; skos:narrower,INCLUDE
health status,acute physiology; acute physiology and chronic health evaluation; hematologic status,"health status (acute physiology, acute physiology and chronic health evaluation, hematologic status)",https://lod.nal.usda.gov/nalt/20758,0.86,False,skos:related,INCLUDE
heat shock response,heat shock reaction; heat shock stress response; heat stress reaction; heat stress response,"heat shock response (heat shock reaction, heat shock stress response, heat stress reaction, heat stress response)",https://lod.nal.usda.gov/nalt/240471,0.89,False,skos:broader; skos:narrower,INCLUDE
insect pests,,insect pests,https://lod.nal.usda.gov/nalt/9355,0.9,False,skos:broader; skos:narrower,INCLUDE
Irish potato famine,,Irish potato famine,https://lod.nal.usda.gov/nalt/281119,0.98,False,skos:related,INCLUDE
leafminers,leaf miners,leafminers (leaf miners),https://lod.nal.usda.gov/nalt/5621,0.92,False,skos:related,INCLUDE
orange rust of sugarcane,sugarcane orange rust,orange rust of sugarcane (sugarcane orange rust),https://lod.nal.usda.gov/nalt/312568,1.0,True,skos:broader; skos:narrower,INCLUDE
poisoning,intoxication; toxicosis,"poisoning (intoxication, toxicosis)",https://lod.nal.usda.gov/nalt/767,0.91,False,skos:broader; skos:narrower,INCLUDE
root crown,crown (perennials); root collar; root neck,"root crown (crown (perennials), root collar, root neck)",https://lod.nal.usda.gov/nalt/123241,0.9,False,skos:related,INCLUDE
saline soils,,saline soils,https://lod.nal.usda.gov/nalt/24692,0.88,False,skos:related,INCLUDE
salinity,,salinity,https://lod.nal.usda.gov/nalt/58067,0.9,False,skos:related,INCLUDE
sclerosis,,sclerosis,https://lod.nal.usda.gov/nalt/769,0.74,False,skos:broader; skos:narrower,INCLUDE
soft-rot fungi,soft rot fungi; soft-rot fungus,"soft-rot fungi (soft rot fungi, soft-rot fungus)",https://lod.nal.usda.gov/nalt/31897,0.89,False,skos:broader; skos:narrower,INCLUDE
Southern corn rust,Southern maize rust,Southern corn rust (Southern maize rust),https://lod.nal.usda.gov/nalt/316344,0.99,True,skos:broader; skos:narrower,INCLUDE
spalting fungi,,spalting fungi,https://lod.nal.usda.gov/nalt/314630,0.78,False,skos:related,INCLUDE
stripe rust of barley,barley stripe rust; barley yellow rust; yellow rust of barley,"stripe rust of barley (barley stripe rust, barley yellow rust, yellow rust of barley)",https://lod.nal.usda.gov/nalt/334649,0.99,True,skos:broader; skos:narrower,INCLUDE
stripe rust of wheat,wheat stripe rust; wheat yellow rust; yellow rust of wheat,"stripe rust of wheat (wheat stripe rust, wheat yellow rust, yellow rust of wheat)",https://lod.nal.usda.gov/nalt/334648,0.99,True,skos:broader; skos:narrower,INCLUDE
wasting syndrome,wasting disease,wasting syndrome (wasting disease),https://lod.nal.usda.gov/nalt/772,0.91,False,skos:broader; skos:narrower,INCLUDE
white pine blister rust,,white pine blister rust,https://lod.nal.usda.gov/nalt/196169,0.99,True,skos:broader; skos:narrower,INCLUDE
winter hardiness,,winter hardiness,https://lod.nal.usda.gov/nalt/26900,0.74,False,skos:related,INCLUDE
abortion (plants),flower abortion; fruit abortion; pod abortion; pollen abortion,"abortion (plants) (flower abortion, fruit abortion, pod abortion, pollen abortion)",https://lod.nal.usda.gov/nalt/1763,0.95,False,skos:related,INCLUDE
Alder yellows phytoplasma,,Alder yellows phytoplasma,https://lod.nal.usda.gov/nalt/1270,0.99,False,skos:broader; skos:narrower,INCLUDE
Alfalfa stunt phytoplasma,,Alfalfa stunt phytoplasma,https://lod.nal.usda.gov/nalt/1225,0.99,False,skos:broader; skos:narrower,INCLUDE
Apricot chlorotic leafroll phytoplasma,Apricot chlorotic leaf roll phytoplasma; Apricot chlorotic leafroll mycoplasma-like organism,"Apricot chlorotic leafroll phytoplasma (Apricot chlorotic leaf roll phytoplasma, Apricot chlorotic leafroll mycoplasma-like organism)",https://lod.nal.usda.gov/nalt/1226,0.99,False,skos:broader; skos:narrower,INCLUDE
Ash yellows phytoplasma,Ash yellows mycoplasma-like organism,Ash yellows phytoplasma (Ash yellows mycoplasma-like organism),https://lod.nal.usda.gov/nalt/1282,0.99,False,skos:broader; skos:narrower,INCLUDE
Australian grapevine yellows phytoplasma,,Australian grapevine yellows phytoplasma,https://lod.nal.usda.gov/nalt/1298,0.99,False,skos:broader; skos:narrower,INCLUDE
Black locust witches'-broom phytoplasma,Black locust witches' broom phytoplasma,Black locust witches'-broom phytoplasma (Black locust witches' broom phytoplasma),https://lod.nal.usda.gov/nalt/1244,0.98,False,skos:broader; skos:narrower,INCLUDE
Blueberry stunt phytoplasma,Blueberry stunt mycoplasma-like organism,Blueberry stunt phytoplasma (Blueberry stunt mycoplasma-like organism),https://lod.nal.usda.gov/nalt/1228,0.98,False,skos:broader; skos:narrower,INCLUDE
Canadian peach X phytoplasma,Canadian peach X mycoplasma-like organism,Canadian peach X phytoplasma (Canadian peach X mycoplasma-like organism),https://lod.nal.usda.gov/nalt/1245,0.98,False,skos:broader; skos:narrower,INCLUDE
Candidatus Phytoplasma asteris,Phytoplasma asteris,Candidatus Phytoplasma asteris (Phytoplasma asteris),https://lod.nal.usda.gov/nalt/300025,0.98,False,skos:broader; skos:narrower,INCLUDE
Candidatus Phytoplasma brasiliense,Hibiscus witches' broom phytoplasma; Phytoplasma brasiliense,"Candidatus Phytoplasma brasiliense (Hibiscus witches' broom phytoplasma, Phytoplasma brasiliense)",https://lod.nal.usda.gov/nalt/1316,0.98,False,skos:broader; skos:narrower,INCLUDE
Candidatus Phytoplasma cynodontis,Bermuda grass white leaf phytoplasma; Bermudagrass white leaf phytoplasma; Cynodontis white leaf-Sudan phytoplasma,"Candidatus Phytoplasma cynodontis (Bermuda grass white leaf phytoplasma, Bermudagrass white leaf phytoplasma, Cynodontis white leaf-Sudan phytoplasma)",https://lod.nal.usda.gov/nalt/1308,0.98,False,skos:broader; skos:narrower,INCLUDE
Candidatus Phytoplasma hispanicum,Mexican periwinkle virescence phytoplasma; Phytoplasma hispanicum,"Candidatus Phytoplasma hispanicum (Mexican periwinkle virescence phytoplasma, Phytoplasma hispanicum)",https://lod.nal.usda.gov/nalt/1305,0.98,False,skos:broader; skos:narrower,INCLUDE
Candidatus Phytoplasma oryzae,,Candidatus Phytoplasma oryzae,https://lod.nal.usda.gov/nalt/307881,0.97,False,skos:broader; skos:narrower,INCLUDE
Candidatus Phytoplasma pini,Phytoplasma pini,Candidatus Phytoplasma pini (Phytoplasma pini),https://lod.nal.usda.gov/nalt/300023,0.98,False,skos:broader; skos:narrower,INCLUDE
Candidatus Phytoplasma pruni,Phytoplasma pruni,Candidatus Phytoplasma pruni (Phytoplasma pruni),https://lod.nal.usda.gov/nalt/276937,0.98,False,skos:broader; skos:narrower,INCLUDE
Candidatus Phytoplasma prunorum,European stone fruit yellows mycoplasma-like organism; European stone fruit yellows phytoplasma; Phytoplasma prunorum,"Candidatus Phytoplasma prunorum (European stone fruit yellows mycoplasma-like organism, European stone fruit yellows phytoplasma, Phytoplasma prunorum)",https://lod.nal.usda.gov/nalt/1291,0.98,False,skos:broader; skos:narrower,INCLUDE
Candidatus Phytoplasma vitis,,Candidatus Phytoplasma vitis,https://lod.nal.usda.gov/nalt/333154,0.98,False,skos:broader; skos:narrower,INCLUDE
Carludovica palmata leaf yellowing phytoplasma,,Carludovica palmata leaf yellowing phytoplasma,https://lod.nal.usda.gov/nalt/1260,0.96,False,skos:broader; skos:narrower,INCLUDE
Chayote witches'-broom phytoplasma,Chayote witches' broom phytoplasma,Chayote witches'-broom phytoplasma (Chayote witches' broom phytoplasma),https://lod.nal.usda.gov/nalt/1246,0.99,False,skos:broader; skos:narrower,INCLUDE
Chinese Bermudagrass white leaf phytoplasma,Chinese Bermuda grass white leaf phytoplasma,Chinese Bermudagrass white leaf phytoplasma (Chinese Bermuda grass white leaf phytoplasma),https://lod.nal.usda.gov/nalt/1309,0.99,False,skos:broader; skos:narrower,INCLUDE
Choke cherry X phytoplasma,Choke cherry X mycoplasma-like organism,Choke cherry X phytoplasma (Choke cherry X mycoplasma-like organism),https://lod.nal.usda.gov/nalt/1247,0.98,False,skos:broader; skos:narrower,INCLUDE
Cirsium yellows phytoplasma,,Cirsium yellows phytoplasma,https://lod.nal.usda.gov/nalt/1229,0.99,False,skos:broader; skos:narrower,INCLUDE
Clover phyllody phytoplasma,Clover phyllody mycoplasma-like organism,Clover phyllody phytoplasma (Clover phyllody mycoplasma-like organism),https://lod.nal.usda.gov/nalt/1230,0.99,False,skos:broader; skos:narrower,INCLUDE
Clover proliferation phytoplasma,Clover proliferation mycoplasma-like organism,Clover proliferation phytoplasma (Clover proliferation mycoplasma-like organism),https://lod.nal.usda.gov/nalt/1278,0.99,False,skos:broader; skos:narrower,INCLUDE
Clover yellow edge phytoplasma,Clover yellow edge mycoplasma-like organism,Clover yellow edge phytoplasma (Clover yellow edge mycoplasma-like organism),https://lod.nal.usda.gov/nalt/1248,0.99,False,skos:broader; skos:narrower,INCLUDE
Coconut lethal yellowing phytoplasma,Coconut lethal yellowing mycoplasma-like organism,Coconut lethal yellowing phytoplasma (Coconut lethal yellowing mycoplasma-like organism),https://lod.nal.usda.gov/nalt/1261,0.99,False,skos:broader; skos:narrower,INCLUDE
Date palm slow decline phytoplasma,,Date palm slow decline phytoplasma,https://lod.nal.usda.gov/nalt/1310,0.99,False,skos:broader; skos:narrower,INCLUDE
Elm yellows phytoplasma,Elm yellows mycoplasma-like organism,Elm yellows phytoplasma (Elm yellows mycoplasma-like organism),https://lod.nal.usda.gov/nalt/1271,0.99,False,skos:broader; skos:narrower,INCLUDE
environmental factors,abiotic factors; ecofactors; ecological factors; environment factors; environmental conditions; environmental filters; environmental variables,"environmental factors (abiotic factors, ecofactors, ecological factors, environment factors, environmental conditions, environmental filters, environmental variables)",https://lod.nal.usda.gov/nalt/4631,0.9,False,skos:broader; skos:narrower,INCLUDE
Faba bean phyllody phytoplasma,Faba bean phyllody mycoplasma-like organism; Fava bean phyllody mycoplasma-like organism; Fava bean phyllody phytoplasma,"Faba bean phyllody phytoplasma (Faba bean phyllody mycoplasma-like organism, Fava bean phyllody mycoplasma-like organism, Fava bean phyllody phytoplasma)",https://lod.nal.usda.gov/nalt/1238,0.98,False,skos:broader; skos:narrower,INCLUDE
fasciation,,fasciation,https://lod.nal.usda.gov/nalt/1766,0.97,False,skos:related,INCLUDE
fruit drop,fruit abscission,fruit drop (fruit abscission),https://lod.nal.usda.gov/nalt/1822,0.93,False,skos:broader; skos:narrower,INCLUDE
Group I phytoplasma,Group I mycoplasma-like organism; Mycoplasma-like organism group I; mycoplasmalike organism group I MLO-I,"Group I phytoplasma (Group I mycoplasma-like organism, Mycoplasma-like organism group I, mycoplasmalike organism group I MLO-I)",https://lod.nal.usda.gov/nalt/1231,0.91,False,skos:broader; skos:narrower,INCLUDE
Group II phytoplasma,Group II mycoplasma-like organism,Group II phytoplasma (Group II mycoplasma-like organism),https://lod.nal.usda.gov/nalt/1239,0.91,False,skos:broader; skos:narrower,INCLUDE
Group III phytoplasma,Group III mycoplasma-like organism,Group III phytoplasma (Group III mycoplasma-like organism),https://lod.nal.usda.gov/nalt/1249,0.91,False,skos:broader; skos:narrower,INCLUDE
hypersalinity,,hypersalinity,https://lod.nal.usda.gov/nalt/323445,0.96,False,skos:broader; skos:narrower,INCLUDE
iron deficiency anemia,Fe-deficiency anemia; ferropenic anaemia; ferropenic anemia; iron deficiency anaemia,"iron deficiency anemia (Fe-deficiency anemia, ferropenic anaemia, ferropenic anemia, iron deficiency anaemia)",https://lod.nal.usda.gov/nalt/8773,0.88,False,skos:broader; skos:narrower,INCLUDE
lead poisoning,,lead poisoning,https://lod.nal.usda.gov/nalt/41073,0.97,False,skos:broader; skos:narrower,INCLUDE
Loofah witches'-broom phytoplasma,Loofah witches' broom mycoplasma-like organism; Loofah witches' broom phytoplasma; Loofah witches'-broom mycoplasma-like organism,"Loofah witches'-broom phytoplasma (Loofah witches' broom mycoplasma-like organism, Loofah witches' broom phytoplasma, Loofah witches'-broom mycoplasma-like organism)",https://lod.nal.usda.gov/nalt/1287,0.99,False,skos:broader; skos:narrower,INCLUDE
mortality,case-fatality rate; case-fatality ratio; death rate; fatality rate; mortality rate,"mortality (case-fatality rate, case-fatality ratio, death rate, fatality rate, mortality rate)",https://lod.nal.usda.gov/nalt/31862,0.93,False,skos:broader; skos:narrower,INCLUDE
mycotoxicosis,mycotoxicoses,mycotoxicosis (mycotoxicoses),https://lod.nal.usda.gov/nalt/4801,0.98,False,skos:broader; skos:narrower,INCLUDE
nutrient deficiencies,macro-nutrient deficiencies; macronutrient deficiencies; micronutrient deficiencies; mineral deficiencies; nutrient deficiency; nutrition deficiencies; nutritional deficiencies,"nutrient deficiencies (macro-nutrient deficiencies, macronutrient deficiencies, micronutrient deficiencies, mineral deficiencies, nutrient deficiency, nutrition deficiencies, nutritional deficiencies)",https://lod.nal.usda.gov/nalt/31983,0.95,False,skos:related,INCLUDE
Onion yellows phytoplasma,Phytoplasma sp. onion yellows,Onion yellows phytoplasma (Phytoplasma sp. onion yellows),https://lod.nal.usda.gov/nalt/1232,0.99,False,skos:broader; skos:narrower,INCLUDE
Papaya dieback phytoplasma,,Papaya dieback phytoplasma,https://lod.nal.usda.gov/nalt/1299,0.99,False,skos:broader; skos:narrower,INCLUDE
Paulownia witches'-broom phytoplasma,Paulownia witches' broom mycoplasma-like organism; Paulownia witches' broom phytoplasma; Paulownia witches'-broom mycoplasma-like organism,"Paulownia witches'-broom phytoplasma (Paulownia witches' broom mycoplasma-like organism, Paulownia witches' broom phytoplasma, Paulownia witches'-broom mycoplasma-like organism)",https://lod.nal.usda.gov/nalt/1233,0.99,False,skos:broader; skos:narrower,INCLUDE
Peach yellow leafroll phytoplasma,Peach yellow leaf roll phytoplasma; Peach yellow leafroll mycoplasma-like organism,"Peach yellow leafroll phytoplasma (Peach yellow leaf roll phytoplasma, Peach yellow leafroll mycoplasma-like organism)",https://lod.nal.usda.gov/nalt/1252,0.99,False,skos:broader; skos:narrower,INCLUDE
Peanut witches'-broom phytoplasma,Peanut witches' broom mycoplasma-like organism; Peanut witches' broom phytoplasma; Peanut witches'-broom mycoplasma-like organism,"Peanut witches'-broom phytoplasma (Peanut witches' broom mycoplasma-like organism, Peanut witches' broom phytoplasma, Peanut witches'-broom mycoplasma-like organism)",https://lod.nal.usda.gov/nalt/1240,0.99,False,skos:broader; skos:narrower,INCLUDE
Pear decline phytoplasma,Pear decline mycoplasma-like organism,Pear decline phytoplasma (Pear decline mycoplasma-like organism),https://lod.nal.usda.gov/nalt/1292,0.99,False,skos:broader; skos:narrower,INCLUDE
Phormium yellow leaf phytoplasma,,Phormium yellow leaf phytoplasma,https://lod.nal.usda.gov/nalt/1300,0.99,False,skos:broader; skos:narrower,INCLUDE
plant poisoning,,plant poisoning,https://lod.nal.usda.gov/nalt/285997,0.91,False,skos:broader; skos:narrower,INCLUDE
poisonous plants,,poisonous plants,https://lod.nal.usda.gov/nalt/57972,0.98,False,skos:related,INCLUDE
Red suture phytoplasma,,Red suture phytoplasma,https://lod.nal.usda.gov/nalt/1253,0.98,False,skos:broader; skos:narrower,INCLUDE
Rubus stunt phytoplasma,,Rubus stunt phytoplasma,https://lod.nal.usda.gov/nalt/1273,0.98,False,skos:broader; skos:narrower,INCLUDE
saline groundwater,saline ground water,saline groundwater (saline ground water),https://lod.nal.usda.gov/nalt/326474,0.87,False,skos:related,INCLUDE
saline water,salt water; saltwater,"saline water (salt water, saltwater)",https://lod.nal.usda.gov/nalt/19128,0.84,False,skos:related,INCLUDE
saturated conditions,,saturated conditions,https://lod.nal.usda.gov/nalt/11566,0.8,False,skos:related,INCLUDE
soil salinity,,soil salinity,https://lod.nal.usda.gov/nalt/44460,0.93,False,skos:related,INCLUDE
soil salts,salts in soil,soil salts (salts in soil),https://lod.nal.usda.gov/nalt/44461,0.86,False,skos:related,INCLUDE
soil water regimes,soil moisture regimes,soil water regimes (soil moisture regimes),https://lod.nal.usda.gov/nalt/11565,0.9,False,skos:broader; skos:narrower,INCLUDE
Soybean veinal necrosis phytoplasma,,Soybean veinal necrosis phytoplasma,https://lod.nal.usda.gov/nalt/1254,0.95,False,skos:broader; skos:narrower,INCLUDE
Stolbur phytoplasma,Candidatus Phytoplasma solani; Phytoplasma solani,"Stolbur phytoplasma (Candidatus Phytoplasma solani, Phytoplasma solani)",https://lod.nal.usda.gov/nalt/1301,0.92,False,skos:broader; skos:narrower,INCLUDE
Sugarcane white leaf phytoplasma,,Sugarcane white leaf phytoplasma,https://lod.nal.usda.gov/nalt/1295,0.95,False,skos:broader; skos:narrower,INCLUDE
swayback,,swayback,https://lod.nal.usda.gov/nalt/28947,0.68,False,skos:broader; skos:narrower,INCLUDE
Sweet potato witches'-broom phytoplasma,Sweet potato witches' broom mycoplasma-like organism; Sweet potato witches' broom phytoplasma; Sweet potato witches'-broom mycoplasma-like organism,"Sweet potato witches'-broom phytoplasma (Sweet potato witches' broom mycoplasma-like organism, Sweet potato witches' broom phytoplasma, Sweet potato witches'-broom mycoplasma-like organism)",https://lod.nal.usda.gov/nalt/1241,0.94,False,skos:broader; skos:narrower,INCLUDE
calcium deficiency,,calcium deficiency,https://lod.nal.usda.gov/nalt/312339,0.93,False,skos:broader; skos:narrower,INCLUDE
ergotism,Saint Anthony's fire; St. Anthony's fire; ergot poisoning,"ergotism (Saint Anthony's fire, St. Anthony's fire, ergot poisoning)",https://lod.nal.usda.gov/nalt/26721,0.98,False,skos:broader; skos:narrower,INCLUDE
fescue foot,,fescue foot,https://lod.nal.usda.gov/nalt/335087,0.97,False,skos:broader; skos:narrower,INCLUDE
fescue toxicosis,,fescue toxicosis,https://lod.nal.usda.gov/nalt/37843,0.96,False,skos:broader; skos:narrower,INCLUDE
lathyrism,neurolathyrism,lathyrism (neurolathyrism),https://lod.nal.usda.gov/nalt/286003,0.96,False,skos:related,INCLUDE
Little peach phytoplasma,,Little peach phytoplasma,https://lod.nal.usda.gov/nalt/1250,0.99,False,skos:broader; skos:narrower,INCLUDE
Lupinus leucophyllus,Lupinus canescens; Lupinus cyaneus; Lupinus erectus; Lupinus leucophyllus ssp. erectus; Lupinus leucophyllus ssp. leucophyllus; Lupinus leucophyllus subsp. erectus; Lupinus leucophyllus subsp. leucophyllus; Lupinus leucophyllus var. belliae; Lupinus leucophyllus var. canescens,"Lupinus leucophyllus (Lupinus canescens, Lupinus cyaneus, Lupinus erectus, Lupinus leucophyllus ssp. erectus, Lupinus leucophyllus ssp. leucophyllus, Lupinus leucophyllus subsp. erectus, Lupinus leucophyllus subsp. leucophyllus, Lupinus leucophyllus var. belliae, Lupinus leucophyllus var. canescens)",https://lod.nal.usda.gov/nalt/286913,0.92,False,skos:related,INCLUDE
Peach rosette phytoplasma,,Peach rosette phytoplasma,https://lod.nal.usda.gov/nalt/1251,0.99,False,skos:broader; skos:narrower,INCLUDE
Phytoplasma HD1,Flavescence doree phytoplasma HD1,Phytoplasma HD1 (Flavescence doree phytoplasma HD1),https://lod.nal.usda.gov/nalt/1272,0.98,False,skos:broader; skos:narrower,INCLUDE
phytotoxins,plant toxins,phytotoxins (plant toxins),https://lod.nal.usda.gov/nalt/57971,0.95,False,skos:related,INCLUDE
plants (botany),,plants (botany),https://lod.nal.usda.gov/nalt/874,0.88,False,skos:broader; skos:narrower,INCLUDE
poorly drained soils,poorly drained conditions,poorly drained soils (poorly drained conditions),https://lod.nal.usda.gov/nalt/34504,0.77,False,skos:broader; skos:narrower,INCLUDE
ryegrass staggers,,ryegrass staggers,https://lod.nal.usda.gov/nalt/3014,0.98,False,skos:broader; skos:narrower,INCLUDE
seed abortion,aborted seeds,seed abortion (aborted seeds),https://lod.nal.usda.gov/nalt/1791,0.93,False,skos:broader; skos:narrower,INCLUDE
soil electrical conductivity,soil electric conductivity; soil electroconductivity,"soil electrical conductivity (soil electric conductivity, soil electroconductivity)",https://lod.nal.usda.gov/nalt/316816,0.84,False,skos:related,INCLUDE
soil salinization,salinisation (soil); salinization (soil); soil salinisation,"soil salinization (salinisation (soil), salinization (soil), soil salinisation)",https://lod.nal.usda.gov/nalt/61970,0.99,False,skos:related,INCLUDE
soil water,soil moisture,soil water (soil moisture),https://lod.nal.usda.gov/nalt/21983,0.9,False,skos:related,INCLUDE
trace element deficiencies,,trace element deficiencies,https://lod.nal.usda.gov/nalt/94910,0.91,False,skos:broader; skos:narrower,INCLUDE
tree mortality,tree death,tree mortality (tree death),https://lod.nal.usda.gov/nalt/58597,0.98,True,skos:related,INCLUDE
wet-dry cycles,moist dry cycles; moist-dry cycles; wet dry cycles,"wet-dry cycles (moist dry cycles, moist-dry cycles, wet dry cycles)",https://lod.nal.usda.gov/nalt/53217,0.72,False,skos:broader; skos:narrower,INCLUDE
copper deficiency,,copper deficiency,https://lod.nal.usda.gov/nalt/233358,0.92,False,skos:broader; skos:narrower,INCLUDE
host plants,host crops,host plants (host crops),https://lod.nal.usda.gov/nalt/40972,0.9,False,skos:broader; skos:narrower,INCLUDE
lawns and turf,turf,lawns and turf (turf),https://lod.nal.usda.gov/nalt/43735,0.91,False,skos:broader; skos:narrower,INCLUDE
phytotoxicity,,phytotoxicity,https://lod.nal.usda.gov/nalt/58189,0.91,False,skos:related,INCLUDE
soil degradation,soil deterioration,soil degradation (soil deterioration),https://lod.nal.usda.gov/nalt/958,0.9,False,skos:broader; skos:narrower,INCLUDE
soil quality,soil condition; soil health,"soil quality (soil condition, soil health)",https://lod.nal.usda.gov/nalt/35826,0.86,False,skos:related,INCLUDE
soil acidification,,soil acidification,https://lod.nal.usda.gov/nalt/63335,0.87,False,skos:broader; skos:narrower,INCLUDE
soil exhaustion,,soil exhaustion,https://lod.nal.usda.gov/nalt/967,0.84,False,skos:related,INCLUDE
weed hosts,,weed hosts,https://lod.nal.usda.gov/nalt/45994,0.72,False,skos:broader; skos:narrower,INCLUDE
